Cluster,self_attention_start,self_attention_end
0,0.0,0.21052631578947367
1,0.21052631578947367,0.3991228070175439
2,0.3991228070175439,0.5964912280701755
3,0.5964912280701755,0.855263157894737
4,0.855263157894737,0.899122807017544
5,0.899122807017544,0.9561403508771931
6,0.9561403508771931,1.0